config,question_id,ECO10
config,mode,rb
config,num_options,4
config,num_correct,1
config,require_pairs,true
config,base_language,ja
qtextL,ja,【経済学基礎：比較優位と国際貿易】次の記述について答えよ。__SELPROMPT__
option,01,C,比較優位は、他者より低い機会費用で生産できることを意味する
option,01,W,比較優位は、すべての財を他者より多く生産できることだけを意味する
feedback,01,生産性の絶対水準を比べる絶対優位と、機会費用を比べる比較優位は異なります。
option,02,C,一国がすべての財で絶対優位を持っていても、機会費用の差があれば貿易利益が生じ得る
option,02,W,一国がすべての財で絶対優位を持つと、相互に利益のある貿易は絶対に不可能である
feedback,02,比較優位に沿った特化と交換により、双方の消費可能性が広がる場合があります。
option,03,C,輸入関税は国内価格を押し上げ、輸入量を減らす方向に働くことが多い
option,03,W,輸入関税は国内価格を必ず下げ、輸入量を増やす
feedback,03,関税は輸入品の国内価格に上乗せされ、消費者・生産者・政府収入へ異なる影響を与えます。
option,04,C,貿易による国全体の利益があっても、国内のすべての人が同じように利益を得るとは限らない
option,04,W,貿易が国全体に利益をもたらすなら、国内で不利益を受ける人は絶対に存在しない
feedback,04,貿易は総余剰を増やし得ますが、輸入競争部門などに調整費用や分配上の損失が生じることがあります。
