config,question_id,STA02
config,mode,rb
config,num_options,4
config,num_correct,1
config,require_pairs,true
config,base_language,ja
qtextL,ja,【統計リテラシー：変数と尺度】次の記述について答えよ。__SELPROMPT__
option,01,C,名義尺度の数値コードは、カテゴリーを区別するラベルとして使われることがある
option,01,W,名義尺度のコード番号には、常に数量としての大小や差の意味がある
feedback,01,学科を1、2、3と符号化しても、数字の差が学科間の量的な差を表すわけではありません。
option,02,C,順序尺度では順番に意味があるが、隣り合う段階の差が等しいとは限らない
option,02,W,順序尺度では、カテゴリーの順番にも間隔にも必ず数量的な意味がない
feedback,02,満足度などは順序を持ちますが、段階間の心理的距離が等間隔とは限りません。
option,03,C,摂氏温度では差に意味があるが、20度が10度の2倍の温かさとはいえない
option,03,W,摂氏温度では、20度は10度のちょうど2倍の温かさを意味する
feedback,03,摂氏温度のゼロ点は便宜的で、比率に絶対的な意味を持つ比例尺度ではありません。
option,04,C,身長や質量のように真のゼロ点を持つ量では、比率を解釈できる
option,04,W,真のゼロ点を持つ量でも、2倍という比率には一切意味がない
feedback,04,比例尺度では差だけでなく比も解釈できます。測定対象と単位の妥当性は別途確認が必要です。
